{
  "preprocess.load": {
    "count": 14,
    "total_sec": 0.0007990156300365925,
    "avg_ms": 0.05707254500261375,
    "min_ms": 0.05205906927585602,
    "max_ms": 0.0815349631011486
  },
  "preprocess.clean": {
    "count": 14,
    "total_sec": 0.00027773668989539146,
    "avg_ms": 0.01983833499252796,
    "min_ms": 0.0017941929399967194,
    "max_ms": 0.05303090438246727
  },
  "preprocess.chunk": {
    "count": 14,
    "total_sec": 1.6884878277778625e-05,
    "avg_ms": 0.0012060627341270447,
    "min_ms": 0.0005811452865600586,
    "max_ms": 0.002835877239704132
  },
  "preprocess.chunk_per_chunk": {
    "count": 15,
    "total_sec": 9.845476597547531e-06,
    "avg_ms": 0.0006563651065031687,
    "min_ms": 0.0004498288035392761,
    "max_ms": 0.0014621764421463013
  },
  "preprocessing_documents": {
    "count": 14,
    "total_sec": 0.00039701489731669426,
    "avg_ms": 0.028358206951192448,
    "min_ms": 0.008064787834882736,
    "max_ms": 0.06386078894138336
  },
  "preprocessing_total_run": {
    "count": 1,
    "total_sec": 0.001856866292655468,
    "avg_ms": 1.856866292655468,
    "min_ms": 1.856866292655468,
    "max_ms": 1.856866292655468
  },
  "embedding.tokenize": {
    "count": 29,
    "total_sec": 0.0265842005610466,
    "avg_ms": 0.9166965710705723,
    "min_ms": 0.0,
    "max_ms": 0.0
  },
  "embedding.forward": {
    "count": 29,
    "total_sec": 1.8508188240230083,
    "avg_ms": 63.821338759414076,
    "min_ms": 0.0,
    "max_ms": 0.0
  },
  "embedding_corpus": {
    "count": 1,
    "total_sec": 0.7924806829541922,
    "avg_ms": 792.4806829541922,
    "min_ms": 792.4806829541922,
    "max_ms": 792.4806829541922
  },
  "context_store_vectorstore": {
    "count": 1,
    "total_sec": 0.0003197169862687588,
    "avg_ms": 0.3197169862687588,
    "min_ms": 0.3197169862687588,
    "max_ms": 0.3197169862687588
  },
  "embedding_query": {
    "count": 28,
    "total_sec": 1.0964321056380868,
    "avg_ms": 39.158289487074526,
    "min_ms": 12.19750102609396,
    "max_ms": 88.18184724077582
  },
  "context_load_vectorstore": {
    "count": 14,
    "total_sec": 0.0015766145661473274,
    "avg_ms": 0.11261532615338053,
    "min_ms": 0.04869280382990837,
    "max_ms": 0.25730812922120094
  },
  "context_load_memory.stm": {
    "count": 14,
    "total_sec": 0.00012718280777335167,
    "avg_ms": 0.009084486269525118,
    "min_ms": 0.0,
    "max_ms": 0.0
  },
  "context_load_memory.ltm": {
    "count": 14,
    "total_sec": 0.0014109709300100803,
    "avg_ms": 0.10078363785786289,
    "min_ms": 0.0,
    "max_ms": 0.0
  },
  "context_load_memory.em": {
    "count": 14,
    "total_sec": 2.2611115127801895e-05,
    "avg_ms": 0.0016150796519858496,
    "min_ms": 0.0,
    "max_ms": 0.0
  },
  "context_load_memory": {
    "count": 14,
    "total_sec": 0.001751917414367199,
    "avg_ms": 0.12513695816908563,
    "min_ms": 0.028594862669706345,
    "max_ms": 0.19779615104198456
  },
  "context_build_total": {
    "count": 14,
    "total_sec": 0.4958563153631985,
    "avg_ms": 35.41830824022846,
    "min_ms": 12.719871941953897,
    "max_ms": 88.60436780378222
  },
  "llm.generate": {
    "count": 14,
    "total_sec": 145.2168932580389,
    "avg_ms": 10372.635232717064,
    "min_ms": 8675.358402077109,
    "max_ms": 17493.279816117138
  },
  "context_store_memory": {
    "count": 28,
    "total_sec": 0.002394723240286112,
    "avg_ms": 0.08552583001021828,
    "min_ms": 0.005570240318775177,
    "max_ms": 0.35054609179496765
  }
}