{
  "preprocess.load": {
    "count": 14,
    "total_sec": 0.002095016068778932,
    "avg_ms": 0.14964400491278088,
    "min_ms": 0.14159901184029877,
    "max_ms": 0.19706299644894898
  },
  "preprocess.clean": {
    "count": 14,
    "total_sec": 0.00027323904214426875,
    "avg_ms": 0.01951707443887634,
    "min_ms": 0.0019840081222355366,
    "max_ms": 0.04817201988771558
  },
  "preprocess.chunk": {
    "count": 14,
    "total_sec": 1.8823047867044806e-05,
    "avg_ms": 0.001344503419074629,
    "min_ms": 0.000700994860380888,
    "max_ms": 0.002754997694864869
  },
  "preprocess.chunk_per_chunk": {
    "count": 15,
    "total_sec": 1.0580988600850105e-05,
    "avg_ms": 0.0007053992400566736,
    "min_ms": 0.000500993337482214,
    "max_ms": 0.0016329868230968714
  },
  "preprocessing_documents": {
    "count": 14,
    "total_sec": 0.0004089060239493847,
    "avg_ms": 0.029207573139241765,
    "min_ms": 0.009358016541227698,
    "max_ms": 0.06048398790881038
  },
  "preprocessing_total_run": {
    "count": 1,
    "total_sec": 0.005766343005234376,
    "avg_ms": 5.766343005234376,
    "min_ms": 5.766343005234376,
    "max_ms": 5.766343005234376
  },
  "embedding.tokenize": {
    "count": 5,
    "total_sec": 0.0066072780173271894,
    "avg_ms": 1.321455603465438,
    "min_ms": 0.0,
    "max_ms": 0.0
  },
  "embedding.forward": {
    "count": 5,
    "total_sec": 1.2749805749917869,
    "avg_ms": 254.9961149983574,
    "min_ms": 0.0,
    "max_ms": 0.0
  },
  "embedding_corpus": {
    "count": 1,
    "total_sec": 1.4130662330135237,
    "avg_ms": 1413.0662330135237,
    "min_ms": 1413.0662330135237,
    "max_ms": 1413.0662330135237
  },
  "context_store_vectorstore": {
    "count": 1,
    "total_sec": 3.962501068599522e-05,
    "avg_ms": 0.03962501068599522,
    "min_ms": 0.03962501068599522,
    "max_ms": 0.03962501068599522
  },
  "embedding_query": {
    "count": 4,
    "total_sec": 0.13459906197385862,
    "avg_ms": 33.649765493464656,
    "min_ms": 3.9291559951379895,
    "max_ms": 118.61918697832152
  },
  "context_load_vectorstore": {
    "count": 2,
    "total_sec": 0.00021940699662081897,
    "avg_ms": 0.10970349831040949,
    "min_ms": 0.07617499795742333,
    "max_ms": 0.14323199866339564
  },
  "context_load_memory.stm": {
    "count": 2,
    "total_sec": 5.139998393133283e-06,
    "avg_ms": 0.0025699991965666413,
    "min_ms": 0.0,
    "max_ms": 0.0
  },
  "context_load_memory.ltm": {
    "count": 2,
    "total_sec": 9.84670186880976e-05,
    "avg_ms": 0.0492335093440488,
    "min_ms": 0.0,
    "max_ms": 0.0
  },
  "context_load_memory.em": {
    "count": 2,
    "total_sec": 3.2469979487359524e-06,
    "avg_ms": 0.0016234989743679762,
    "min_ms": 0.0,
    "max_ms": 0.0
  },
  "context_load_memory": {
    "count": 2,
    "total_sec": 0.00012703199172392488,
    "avg_ms": 0.06351599586196244,
    "min_ms": 0.01484900712966919,
    "max_ms": 0.11218298459425569
  },
  "context_build_total": {
    "count": 2,
    "total_sec": 0.1231469790218398,
    "avg_ms": 61.5734895109199,
    "min_ms": 4.2121630103792995,
    "max_ms": 118.9348160114605
  },
  "llm.generate": {
    "count": 2,
    "total_sec": 2.9647279729833826,
    "avg_ms": 1482.3639864916913,
    "min_ms": 963.4981259878259,
    "max_ms": 2001.2298469955567
  },
  "context_store_memory": {
    "count": 4,
    "total_sec": 0.00017763703363016248,
    "avg_ms": 0.04440925840754062,
    "min_ms": 0.00908802030608058,
    "max_ms": 0.09059201693162322
  }
}