{
  "preprocess.load": {
    "count": 14,
    "total_sec": 0.0015787016600370407,
    "avg_ms": 0.11276440428836006,
    "min_ms": 0.10230392217636108,
    "max_ms": 0.18344726413488388
  },
  "preprocess.clean": {
    "count": 14,
    "total_sec": 0.00018601538613438606,
    "avg_ms": 0.013286813295313291,
    "min_ms": 0.0010798685252666473,
    "max_ms": 0.03627082332968712
  },
  "preprocess.chunk": {
    "count": 14,
    "total_sec": 2.19615176320076e-05,
    "avg_ms": 0.0015686798308576857,
    "min_ms": 0.000400003045797348,
    "max_ms": 0.005939975380897522
  },
  "preprocess.chunk_per_chunk": {
    "count": 15,
    "total_sec": 9.799841791391373e-06,
    "avg_ms": 0.0006533227860927582,
    "min_ms": 0.0002998858690261841,
    "max_ms": 0.0026798807084560394
  },
  "preprocessing_documents": {
    "count": 14,
    "total_sec": 0.00028996169567108154,
    "avg_ms": 0.020711549690791538,
    "min_ms": 0.005479902029037476,
    "max_ms": 0.044271815568208694
  },
  "preprocessing_total_run": {
    "count": 1,
    "total_sec": 0.004701829049736261,
    "avg_ms": 4.701829049736261,
    "min_ms": 4.701829049736261,
    "max_ms": 4.701829049736261
  },
  "embedding.tokenize": {
    "count": 5,
    "total_sec": 0.006444668862968683,
    "avg_ms": 1.2889337725937366,
    "min_ms": 0.0,
    "max_ms": 0.0
  },
  "embedding.forward": {
    "count": 5,
    "total_sec": 0.4909872571006417,
    "avg_ms": 98.19745142012835,
    "min_ms": 0.0,
    "max_ms": 0.0
  },
  "embedding_corpus": {
    "count": 1,
    "total_sec": 0.4289033771492541,
    "avg_ms": 428.9033771492541,
    "min_ms": 428.9033771492541,
    "max_ms": 428.9033771492541
  },
  "context_store_vectorstore": {
    "count": 1,
    "total_sec": 3.306102007627487e-05,
    "avg_ms": 0.03306102007627487,
    "min_ms": 0.03306102007627487,
    "max_ms": 0.03306102007627487
  },
  "embedding_query": {
    "count": 4,
    "total_sec": 0.07037983369082212,
    "avg_ms": 17.59495842270553,
    "min_ms": 15.643317252397537,
    "max_ms": 20.259662996977568
  },
  "context_load_vectorstore": {
    "count": 2,
    "total_sec": 0.0002916017547249794,
    "avg_ms": 0.1458008773624897,
    "min_ms": 0.13290485367178917,
    "max_ms": 0.15869690105319023
  },
  "context_load_memory.stm": {
    "count": 2,
    "total_sec": 5.820766091346741e-06,
    "avg_ms": 0.0029103830456733704,
    "min_ms": 0.0,
    "max_ms": 0.0
  },
  "context_load_memory.ltm": {
    "count": 2,
    "total_sec": 0.0001306147314608097,
    "avg_ms": 0.06530736573040485,
    "min_ms": 0.0,
    "max_ms": 0.0
  },
  "context_load_memory.em": {
    "count": 2,
    "total_sec": 5.379784852266312e-06,
    "avg_ms": 0.002689892426133156,
    "min_ms": 0.0,
    "max_ms": 0.0
  },
  "context_load_memory": {
    "count": 2,
    "total_sec": 0.0001616557128727436,
    "avg_ms": 0.0808278564363718,
    "min_ms": 0.012409873306751251,
    "max_ms": 0.14924583956599236
  },
  "context_build_total": {
    "count": 2,
    "total_sec": 0.03794439323246479,
    "avg_ms": 18.972196616232395,
    "min_ms": 17.2395221889019,
    "max_ms": 20.70487104356289
  },
  "llm.generate": {
    "count": 2,
    "total_sec": 10.070273396093398,
    "avg_ms": 5035.136698046699,
    "min_ms": 4718.473209068179,
    "max_ms": 5351.800187025219
  },
  "context_store_memory": {
    "count": 4,
    "total_sec": 0.00023404881358146667,
    "avg_ms": 0.05851220339536667,
    "min_ms": 0.018251128494739532,
    "max_ms": 0.11697504669427872
  }
}