{
  "preprocess.load": {
    "count": 2,
    "total_sec": 0.00032057985663414,
    "avg_ms": 0.16028992831707,
    "min_ms": 0.12450385838747025,
    "max_ms": 0.19607599824666977
  },
  "preprocess.clean": {
    "count": 2,
    "total_sec": 8.462276309728622e-05,
    "avg_ms": 0.04231138154864311,
    "min_ms": 0.03803102299571037,
    "max_ms": 0.04659174010157585
  },
  "preprocess.chunk": {
    "count": 2,
    "total_sec": 6.440095603466034e-06,
    "avg_ms": 0.003220047801733017,
    "min_ms": 0.0022901222109794617,
    "max_ms": 0.004149973392486572
  },
  "preprocess.chunk_per_chunk": {
    "count": 3,
    "total_sec": 3.5301782190799713e-06,
    "avg_ms": 0.001176726073026657,
    "min_ms": 0.000650063157081604,
    "max_ms": 0.001919921487569809
  },
  "preprocessing_documents": {
    "count": 2,
    "total_sec": 0.00011552544310688972,
    "avg_ms": 0.05776272155344486,
    "min_ms": 0.05287211388349533,
    "max_ms": 0.0626533292233944
  },
  "preprocessing_total_run": {
    "count": 1,
    "total_sec": 0.0014502480626106262,
    "avg_ms": 1.4502480626106262,
    "min_ms": 1.4502480626106262,
    "max_ms": 1.4502480626106262
  },
  "embedding.tokenize": {
    "count": 5,
    "total_sec": 0.006121563259512186,
    "avg_ms": 1.2243126519024372,
    "min_ms": 0.0,
    "max_ms": 0.0
  },
  "embedding.forward": {
    "count": 5,
    "total_sec": 0.40373966144397855,
    "avg_ms": 80.74793228879571,
    "min_ms": 0.0,
    "max_ms": 0.0
  },
  "embedding_corpus": {
    "count": 1,
    "total_sec": 0.20198578899726272,
    "avg_ms": 201.98578899726272,
    "min_ms": 201.98578899726272,
    "max_ms": 201.98578899726272
  },
  "context_store_vectorstore": {
    "count": 1,
    "total_sec": 2.8390903025865555e-05,
    "avg_ms": 0.028390903025865555,
    "min_ms": 0.028390903025865555,
    "max_ms": 0.028390903025865555
  },
  "embedding_query": {
    "count": 4,
    "total_sec": 0.209605913143605,
    "avg_ms": 52.40147828590125,
    "min_ms": 41.35954799130559,
    "max_ms": 68.6715878546238
  },
  "context_load_vectorstore": {
    "count": 2,
    "total_sec": 0.0002699890173971653,
    "avg_ms": 0.13499450869858265,
    "min_ms": 0.1309150829911232,
    "max_ms": 0.1390739344060421
  },
  "context_load_memory.stm": {
    "count": 2,
    "total_sec": 6.299931555986404e-06,
    "avg_ms": 0.003149965777993202,
    "min_ms": 0.0,
    "max_ms": 0.0
  },
  "context_load_memory.ltm": {
    "count": 2,
    "total_sec": 3.970228135585785e-06,
    "avg_ms": 0.0019851140677928925,
    "min_ms": 0.0,
    "max_ms": 0.0
  },
  "context_load_memory.em": {
    "count": 2,
    "total_sec": 5.449168384075165e-06,
    "avg_ms": 0.0027245841920375824,
    "min_ms": 0.0,
    "max_ms": 0.0
  },
  "context_load_memory": {
    "count": 2,
    "total_sec": 3.618188202381134e-05,
    "avg_ms": 0.01809094101190567,
    "min_ms": 0.01637078821659088,
    "max_ms": 0.01981109380722046
  },
  "context_build_total": {
    "count": 2,
    "total_sec": 0.12583625176921487,
    "avg_ms": 62.918125884607434,
    "min_ms": 56.802271865308285,
    "max_ms": 69.03397990390658
  },
  "llm.generate": {
    "count": 2,
    "total_sec": 15.506560907233506,
    "avg_ms": 7753.280453616753,
    "min_ms": 7493.953639175743,
    "max_ms": 8012.607268057764
  },
  "context_store_memory": {
    "count": 4,
    "total_sec": 0.00024945707991719246,
    "avg_ms": 0.062364269979298115,
    "min_ms": 0.01853983849287033,
    "max_ms": 0.12702401727437973
  }
}