{
  "total_generated_tokens": 512,
  "total_generation_time_s": 23.459538973402232,
  "num_generations": 4,
  "avg_latency_per_generation_s": 5.864884743350558,
  "tokens_per_second": 21.824810819193473
}