{
  "total_generated_tokens": 256,
  "total_generation_time_s": 10.070385001134127,
  "num_generations": 2,
  "avg_latency_per_generation_s": 5.035192500567064,
  "tokens_per_second": 25.421073769391068
}