level,count,avg_latency_s,throughput_per_s
docs,14,2.9207573139241765e-05,34237.69565628349
chunks,15,7.053992400566737e-07,1417636.9114314006
