level,count,avg_latency_s,throughput_per_s
docs,14,2.0711549690791537e-05,48282.23937509636
chunks,15,6.533227860927582e-07,1530636.9550962225
