level,count,avg_latency_s,throughput_per_s
docs,14,2.835820695119245e-05,35263.16038673068
chunks,15,6.563651065031687e-07,1523542.2939034195
