{
  "docs": {
    "count": 14,
    "avg_latency_s": 2.9207573139241765e-05,
    "throughput_per_s": 34237.69565628349
  },
  "chunks": {
    "count": 15,
    "avg_latency_s": 7.053992400566737e-07,
    "throughput_per_s": 1417636.9114314006
  }
}