level,count,avg_latency_s,throughput_per_s
docs,14,2.8065272739955356e-05,35631.22330097087
chunks,15,6.591280301411947e-07,1517155.9306706858
