{
  "docs": {
    "count": 14,
    "avg_latency_s": 2.835820695119245e-05,
    "throughput_per_s": 35263.16038673068
  },
  "chunks": {
    "count": 15,
    "avg_latency_s": 6.563651065031687e-07,
    "throughput_per_s": 1523542.2939034195
  }
}