level,count,avg_latency_s,throughput_per_s
docs,2,5.776272155344486e-05,17312.20366884465
chunks,3,1.176726073026657e-06,849815.452314998
