{
  "docs": {
    "count": 2,
    "avg_latency_s": 5.776272155344486e-05,
    "throughput_per_s": 17312.20366884465
  },
  "chunks": {
    "count": 3,
    "avg_latency_s": 1.176726073026657e-06,
    "throughput_per_s": 849815.452314998
  }
}