{
  "preprocess.load": {
    "count": 2,
    "total_sec": 0.0002960488200187683,
    "avg_ms": 0.14802441000938416,
    "min_ms": 0.11558271944522858,
    "max_ms": 0.18046610057353973
  },
  "preprocess.clean": {
    "count": 2,
    "total_sec": 4.227086901664734e-05,
    "avg_ms": 0.02113543450832367,
    "min_ms": 0.002250075340270996,
    "max_ms": 0.04002079367637634
  },
  "preprocess.chunk": {
    "count": 2,
    "total_sec": 5.529262125492096e-06,
    "avg_ms": 0.002764631062746048,
    "min_ms": 0.0012293457984924316,
    "max_ms": 0.004299916326999664
  },
  "preprocess.chunk_per_chunk": {
    "count": 2,
    "total_sec": 2.9299408197402954e-06,
    "avg_ms": 0.0014649704098701477,
    "min_ms": 0.0009005889296531677,
    "max_ms": 0.0020293518900871277
  },
  "preprocessing_documents": {
    "count": 2,
    "total_sec": 7.350277155637741e-05,
    "avg_ms": 0.036751385778188705,
    "min_ms": 0.011920928955078125,
    "max_ms": 0.061581842601299286
  },
  "preprocessing_total_run": {
    "count": 1,
    "total_sec": 0.0034098848700523376,
    "avg_ms": 3.4098848700523376,
    "min_ms": 3.4098848700523376,
    "max_ms": 3.4098848700523376
  },
  "baseline.preprocess_total": {
    "count": 1,
    "total_sec": 0.0034506358206272125,
    "avg_ms": 3.4506358206272125,
    "min_ms": 3.4506358206272125,
    "max_ms": 3.4506358206272125
  },
  "embedding.tokenize": {
    "count": 1,
    "total_sec": 0.0015019206330180168,
    "avg_ms": 1.5019206330180168,
    "min_ms": 0.0,
    "max_ms": 0.0
  },
  "embedding.forward": {
    "count": 1,
    "total_sec": 0.19049249216914177,
    "avg_ms": 190.49249216914177,
    "min_ms": 0.0,
    "max_ms": 0.0
  },
  "embedding_corpus": {
    "count": 1,
    "total_sec": 0.1923376638442278,
    "avg_ms": 192.3376638442278,
    "min_ms": 192.3376638442278,
    "max_ms": 192.3376638442278
  },
  "baseline.embed_total": {
    "count": 1,
    "total_sec": 0.19269873574376106,
    "avg_ms": 192.69873574376106,
    "min_ms": 192.69873574376106,
    "max_ms": 192.69873574376106
  },
  "context_store_vectorstore": {
    "count": 1,
    "total_sec": 4.200264811515808e-06,
    "avg_ms": 0.004200264811515808,
    "min_ms": 0.004200264811515808,
    "max_ms": 0.004200264811515808
  },
  "baseline.index_total": {
    "count": 1,
    "total_sec": 3.144051879644394e-05,
    "avg_ms": 0.03144051879644394,
    "min_ms": 0.03144051879644394,
    "max_ms": 0.03144051879644394
  },
  "baseline.eval_total": {
    "count": 1,
    "total_sec": 8.307397365570068e-07,
    "avg_ms": 0.0008307397365570068,
    "min_ms": 0.0008307397365570068,
    "max_ms": 0.0008307397365570068
  },
  "baseline.pipeline_total_run": {
    "count": 1,
    "total_sec": 51.21955961268395,
    "avg_ms": 51219.55961268395,
    "min_ms": 51219.55961268395,
    "max_ms": 51219.55961268395
  }
}