{
  "preprocess.load": {
    "count": 1,
    "total_sec": 0.00022636819630861282,
    "avg_ms": 0.22636819630861282,
    "min_ms": 0.22636819630861282,
    "max_ms": 0.22636819630861282
  },
  "preprocess.clean": {
    "count": 1,
    "total_sec": 4.92120161652565e-05,
    "avg_ms": 0.0492120161652565,
    "min_ms": 0.0492120161652565,
    "max_ms": 0.0492120161652565
  },
  "preprocess.chunk": {
    "count": 1,
    "total_sec": 4.219822585582733e-06,
    "avg_ms": 0.004219822585582733,
    "min_ms": 0.004219822585582733,
    "max_ms": 0.004219822585582733
  },
  "preprocess.chunk_per_chunk": {
    "count": 1,
    "total_sec": 1.83936208486557e-06,
    "avg_ms": 0.00183936208486557,
    "min_ms": 0.00183936208486557,
    "max_ms": 0.00183936208486557
  },
  "preprocessing_documents": {
    "count": 1,
    "total_sec": 7.13123008608818e-05,
    "avg_ms": 0.0713123008608818,
    "min_ms": 0.0713123008608818,
    "max_ms": 0.0713123008608818
  },
  "preprocessing_total_run": {
    "count": 1,
    "total_sec": 0.002430311404168606,
    "avg_ms": 2.430311404168606,
    "min_ms": 2.430311404168606,
    "max_ms": 2.430311404168606
  },
  "baseline.preprocess_total": {
    "count": 1,
    "total_sec": 0.0024687228724360466,
    "avg_ms": 2.4687228724360466,
    "min_ms": 2.4687228724360466,
    "max_ms": 2.4687228724360466
  },
  "embedding.tokenize": {
    "count": 1,
    "total_sec": 0.001545032486319542,
    "avg_ms": 1.545032486319542,
    "min_ms": 0.0,
    "max_ms": 0.0
  },
  "embedding.forward": {
    "count": 1,
    "total_sec": 0.1735170464962721,
    "avg_ms": 173.5170464962721,
    "min_ms": 0.0,
    "max_ms": 0.0
  },
  "embedding_corpus": {
    "count": 1,
    "total_sec": 0.19144304376095533,
    "avg_ms": 191.44304376095533,
    "min_ms": 191.44304376095533,
    "max_ms": 191.44304376095533
  },
  "baseline.embed_total": {
    "count": 1,
    "total_sec": 0.19186286721378565,
    "avg_ms": 191.86286721378565,
    "min_ms": 191.86286721378565,
    "max_ms": 191.86286721378565
  },
  "context_store_vectorstore": {
    "count": 1,
    "total_sec": 4.890374839305878e-06,
    "avg_ms": 0.004890374839305878,
    "min_ms": 0.004890374839305878,
    "max_ms": 0.004890374839305878
  },
  "baseline.index_total": {
    "count": 1,
    "total_sec": 3.397185355424881e-05,
    "avg_ms": 0.03397185355424881,
    "min_ms": 0.03397185355424881,
    "max_ms": 0.03397185355424881
  },
  "baseline.eval_total": {
    "count": 1,
    "total_sec": 6.50063157081604e-07,
    "avg_ms": 0.000650063157081604,
    "min_ms": 0.000650063157081604,
    "max_ms": 0.000650063157081604
  },
  "baseline.pipeline_total_run": {
    "count": 1,
    "total_sec": 51.178380518220365,
    "avg_ms": 51178.380518220365,
    "min_ms": 51178.380518220365,
    "max_ms": 51178.380518220365
  }
}