{
  "preprocess.load": {
    "count": 2,
    "total_sec": 0.00033993180841207504,
    "avg_ms": 0.16996590420603752,
    "min_ms": 0.13373512774705887,
    "max_ms": 0.20619668066501617
  },
  "preprocess.clean": {
    "count": 2,
    "total_sec": 1.1321157217025757e-05,
    "avg_ms": 0.005660578608512878,
    "min_ms": 0.0018505379557609558,
    "max_ms": 0.009470619261264801
  },
  "preprocess.chunk": {
    "count": 2,
    "total_sec": 4.0996819734573364e-06,
    "avg_ms": 0.002049840986728668,
    "min_ms": 0.0010598450899124146,
    "max_ms": 0.003039836883544922
  },
  "preprocess.chunk_per_chunk": {
    "count": 2,
    "total_sec": 2.8908252716064453e-06,
    "avg_ms": 0.0014454126358032227,
    "min_ms": 0.001019798219203949,
    "max_ms": 0.0018710270524024963
  },
  "preprocessing_documents": {
    "count": 2,
    "total_sec": 4.0230341255664825e-05,
    "avg_ms": 0.020115170627832413,
    "min_ms": 0.011620111763477325,
    "max_ms": 0.0286102294921875
  },
  "preprocessing_total_run": {
    "count": 1,
    "total_sec": 0.0022548753768205643,
    "avg_ms": 2.2548753768205643,
    "min_ms": 2.2548753768205643,
    "max_ms": 2.2548753768205643
  },
  "baseline.preprocess_total": {
    "count": 1,
    "total_sec": 0.002295146696269512,
    "avg_ms": 2.295146696269512,
    "min_ms": 2.295146696269512,
    "max_ms": 2.295146696269512
  },
  "embedding.tokenize": {
    "count": 1,
    "total_sec": 0.0013550352305173874,
    "avg_ms": 1.3550352305173874,
    "min_ms": 0.0,
    "max_ms": 0.0
  },
  "embedding.forward": {
    "count": 1,
    "total_sec": 0.15004123095422983,
    "avg_ms": 150.04123095422983,
    "min_ms": 0.0,
    "max_ms": 0.0
  },
  "embedding_corpus": {
    "count": 1,
    "total_sec": 0.17646561935544014,
    "avg_ms": 176.46561935544014,
    "min_ms": 176.46561935544014,
    "max_ms": 176.46561935544014
  },
  "baseline.embed_total": {
    "count": 1,
    "total_sec": 0.1768893813714385,
    "avg_ms": 176.8893813714385,
    "min_ms": 176.8893813714385,
    "max_ms": 176.8893813714385
  },
  "context_store_vectorstore": {
    "count": 1,
    "total_sec": 5.589798092842102e-06,
    "avg_ms": 0.005589798092842102,
    "min_ms": 0.005589798092842102,
    "max_ms": 0.005589798092842102
  },
  "baseline.index_total": {
    "count": 1,
    "total_sec": 3.80808487534523e-05,
    "avg_ms": 0.0380808487534523,
    "min_ms": 0.0380808487534523,
    "max_ms": 0.0380808487534523
  },
  "baseline.eval_total": {
    "count": 1,
    "total_sec": 7.096678018569946e-07,
    "avg_ms": 0.0007096678018569946,
    "min_ms": 0.0007096678018569946,
    "max_ms": 0.0007096678018569946
  },
  "baseline.pipeline_total_run": {
    "count": 1,
    "total_sec": 51.18361438345164,
    "avg_ms": 51183.61438345164,
    "min_ms": 51183.61438345164,
    "max_ms": 51183.61438345164
  }
}