{
  "preprocess.load": {
    "count": 2,
    "total_sec": 0.00322914682328701,
    "avg_ms": 1.614573411643505,
    "min_ms": 0.1902058720588684,
    "max_ms": 3.038940951228142
  },
  "preprocess.clean": {
    "count": 2,
    "total_sec": 5.9711746871471405e-05,
    "avg_ms": 0.029855873435735703,
    "min_ms": 0.0017900019884109497,
    "max_ms": 0.057921744883060455
  },
  "preprocess.chunk": {
    "count": 2,
    "total_sec": 6.949529051780701e-06,
    "avg_ms": 0.0034747645258903503,
    "min_ms": 0.001239590346813202,
    "max_ms": 0.005709938704967499
  },
  "preprocess.chunk_per_chunk": {
    "count": 2,
    "total_sec": 4.460103809833527e-06,
    "avg_ms": 0.0022300519049167633,
    "min_ms": 0.0010207295417785645,
    "max_ms": 0.003439374268054962
  },
  "preprocessing_documents": {
    "count": 2,
    "total_sec": 9.375344961881638e-05,
    "avg_ms": 0.04687672480940819,
    "min_ms": 0.011550262570381165,
    "max_ms": 0.08220318704843521
  },
  "preprocessing_total_run": {
    "count": 1,
    "total_sec": 0.005531603470444679,
    "avg_ms": 5.531603470444679,
    "min_ms": 5.531603470444679,
    "max_ms": 5.531603470444679
  },
  "baseline.preprocess_total": {
    "count": 1,
    "total_sec": 0.005576075054705143,
    "avg_ms": 5.576075054705143,
    "min_ms": 5.576075054705143,
    "max_ms": 5.576075054705143
  },
  "embedding.tokenize": {
    "count": 1,
    "total_sec": 0.001593322493135929,
    "avg_ms": 1.593322493135929,
    "min_ms": 0.0,
    "max_ms": 0.0
  },
  "embedding.forward": {
    "count": 1,
    "total_sec": 0.18564072251319885,
    "avg_ms": 185.64072251319885,
    "min_ms": 0.0,
    "max_ms": 0.0
  },
  "embedding_corpus": {
    "count": 1,
    "total_sec": 0.18764647003263235,
    "avg_ms": 187.64647003263235,
    "min_ms": 187.64647003263235,
    "max_ms": 187.64647003263235
  },
  "baseline.embed_total": {
    "count": 1,
    "total_sec": 0.1880193231627345,
    "avg_ms": 188.0193231627345,
    "min_ms": 188.0193231627345,
    "max_ms": 188.0193231627345
  },
  "context_store_vectorstore": {
    "count": 1,
    "total_sec": 4.979781806468964e-06,
    "avg_ms": 0.004979781806468964,
    "min_ms": 0.004979781806468964,
    "max_ms": 0.004979781806468964
  },
  "baseline.index_total": {
    "count": 1,
    "total_sec": 3.37725505232811e-05,
    "avg_ms": 0.0337725505232811,
    "min_ms": 0.0337725505232811,
    "max_ms": 0.0337725505232811
  },
  "baseline.eval_total": {
    "count": 1,
    "total_sec": 6.295740604400635e-07,
    "avg_ms": 0.0006295740604400635,
    "min_ms": 0.0006295740604400635,
    "max_ms": 0.0006295740604400635
  },
  "baseline.pipeline_total_run": {
    "count": 1,
    "total_sec": 51.186054355464876,
    "avg_ms": 51186.054355464876,
    "min_ms": 51186.054355464876,
    "max_ms": 51186.054355464876
  }
}