{
  "preprocess.load": {
    "count": 2,
    "total_sec": 0.00036307238042354584,
    "avg_ms": 0.18153619021177292,
    "min_ms": 0.12955442070960999,
    "max_ms": 0.23351795971393585
  },
  "preprocess.clean": {
    "count": 2,
    "total_sec": 8.14627856016159e-05,
    "avg_ms": 0.04073139280080795,
    "min_ms": 0.03307126462459564,
    "max_ms": 0.048391520977020264
  },
  "preprocess.chunk": {
    "count": 2,
    "total_sec": 7.4999406933784485e-06,
    "avg_ms": 0.0037499703466892242,
    "min_ms": 0.003200024366378784,
    "max_ms": 0.004299916326999664
  },
  "preprocess.chunk_per_chunk": {
    "count": 3,
    "total_sec": 3.6293640732765198e-06,
    "avg_ms": 0.0012097880244255066,
    "min_ms": 0.0007301568984985352,
    "max_ms": 0.0017797574400901794
  },
  "preprocessing_documents": {
    "count": 2,
    "total_sec": 0.00011755432933568954,
    "avg_ms": 0.05877716466784477,
    "min_ms": 0.050282105803489685,
    "max_ms": 0.06727222353219986
  },
  "preprocessing_total_run": {
    "count": 1,
    "total_sec": 0.0025650151073932648,
    "avg_ms": 2.5650151073932648,
    "min_ms": 2.5650151073932648,
    "max_ms": 2.5650151073932648
  },
  "baseline.preprocess_total": {
    "count": 1,
    "total_sec": 0.002629677765071392,
    "avg_ms": 2.629677765071392,
    "min_ms": 2.629677765071392,
    "max_ms": 2.629677765071392
  },
  "embedding.tokenize": {
    "count": 1,
    "total_sec": 0.0022138142958283424,
    "avg_ms": 2.2138142958283424,
    "min_ms": 0.0,
    "max_ms": 0.0
  },
  "embedding.forward": {
    "count": 1,
    "total_sec": 0.25206478871405125,
    "avg_ms": 252.06478871405125,
    "min_ms": 0.0,
    "max_ms": 0.0
  },
  "embedding_corpus": {
    "count": 1,
    "total_sec": 0.2551995636895299,
    "avg_ms": 255.1995636895299,
    "min_ms": 255.1995636895299,
    "max_ms": 255.1995636895299
  },
  "baseline.embed_total": {
    "count": 1,
    "total_sec": 0.2556858388707042,
    "avg_ms": 255.68583887070417,
    "min_ms": 255.68583887070417,
    "max_ms": 255.68583887070417
  },
  "context_store_vectorstore": {
    "count": 1,
    "total_sec": 6.949529051780701e-06,
    "avg_ms": 0.006949529051780701,
    "min_ms": 0.006949529051780701,
    "max_ms": 0.006949529051780701
  },
  "baseline.index_total": {
    "count": 1,
    "total_sec": 4.526134580373764e-05,
    "avg_ms": 0.04526134580373764,
    "min_ms": 0.04526134580373764,
    "max_ms": 0.04526134580373764
  },
  "baseline.eval_total": {
    "count": 1,
    "total_sec": 7.292255759239197e-07,
    "avg_ms": 0.0007292255759239197,
    "min_ms": 0.0007292255759239197,
    "max_ms": 0.0007292255759239197
  },
  "baseline.pipeline_total_run": {
    "count": 1,
    "total_sec": 51.183857512660325,
    "avg_ms": 51183.857512660325,
    "min_ms": 51183.857512660325,
    "max_ms": 51183.857512660325
  }
}