{
  "preprocess.load": {
    "count": 2,
    "total_sec": 0.0002985699102282524,
    "avg_ms": 0.1492849551141262,
    "min_ms": 0.11770427227020264,
    "max_ms": 0.18086563795804977
  },
  "preprocess.clean": {
    "count": 2,
    "total_sec": 1.2650154531002045e-05,
    "avg_ms": 0.006325077265501022,
    "min_ms": 0.0026300549507141113,
    "max_ms": 0.010020099580287933
  },
  "preprocess.chunk": {
    "count": 2,
    "total_sec": 5.168840289115906e-06,
    "avg_ms": 0.002584420144557953,
    "min_ms": 0.001339241862297058,
    "max_ms": 0.0038295984268188477
  },
  "preprocess.chunk_per_chunk": {
    "count": 2,
    "total_sec": 2.7883797883987427e-06,
    "avg_ms": 0.0013941898941993713,
    "min_ms": 0.001109205186367035,
    "max_ms": 0.0016791746020317078
  },
  "preprocessing_documents": {
    "count": 2,
    "total_sec": 4.582013934850693e-05,
    "avg_ms": 0.022910069674253464,
    "min_ms": 0.014210119843482971,
    "max_ms": 0.031610019505023956
  },
  "preprocessing_total_run": {
    "count": 1,
    "total_sec": 0.002741183154284954,
    "avg_ms": 2.741183154284954,
    "min_ms": 2.741183154284954,
    "max_ms": 2.741183154284954
  },
  "baseline.preprocess_total": {
    "count": 1,
    "total_sec": 0.0027832938358187675,
    "avg_ms": 2.7832938358187675,
    "min_ms": 2.7832938358187675,
    "max_ms": 2.7832938358187675
  },
  "embedding.tokenize": {
    "count": 1,
    "total_sec": 0.001307634636759758,
    "avg_ms": 1.307634636759758,
    "min_ms": 0.0,
    "max_ms": 0.0
  },
  "embedding.forward": {
    "count": 1,
    "total_sec": 0.16507485136389732,
    "avg_ms": 165.07485136389732,
    "min_ms": 0.0,
    "max_ms": 0.0
  },
  "embedding_corpus": {
    "count": 1,
    "total_sec": 0.1914439434185624,
    "avg_ms": 191.4439434185624,
    "min_ms": 191.4439434185624,
    "max_ms": 191.4439434185624
  },
  "baseline.embed_total": {
    "count": 1,
    "total_sec": 0.19185904785990715,
    "avg_ms": 191.85904785990715,
    "min_ms": 191.85904785990715,
    "max_ms": 191.85904785990715
  },
  "context_store_vectorstore": {
    "count": 1,
    "total_sec": 4.669651389122009e-06,
    "avg_ms": 0.004669651389122009,
    "min_ms": 0.004669651389122009,
    "max_ms": 0.004669651389122009
  },
  "baseline.index_total": {
    "count": 1,
    "total_sec": 3.387033939361572e-05,
    "avg_ms": 0.03387033939361572,
    "min_ms": 0.03387033939361572,
    "max_ms": 0.03387033939361572
  },
  "baseline.eval_total": {
    "count": 1,
    "total_sec": 6.50063157081604e-07,
    "avg_ms": 0.000650063157081604,
    "min_ms": 0.000650063157081604,
    "max_ms": 0.000650063157081604
  },
  "baseline.pipeline_total_run": {
    "count": 1,
    "total_sec": 51.215895019471645,
    "avg_ms": 51215.895019471645,
    "min_ms": 51215.895019471645,
    "max_ms": 51215.895019471645
  }
}