{
  "preprocess.load": {
    "count": 2,
    "total_sec": 0.00038836337625980377,
    "avg_ms": 0.19418168812990189,
    "min_ms": 0.13012532144784927,
    "max_ms": 0.2582380548119545
  },
  "preprocess.clean": {
    "count": 2,
    "total_sec": 5.410145968198776e-05,
    "avg_ms": 0.02705072984099388,
    "min_ms": 0.012240372598171234,
    "max_ms": 0.04186108708381653
  },
  "preprocess.chunk": {
    "count": 2,
    "total_sec": 5.948357284069061e-06,
    "avg_ms": 0.0029741786420345306,
    "min_ms": 0.0013792887330055237,
    "max_ms": 0.004569068551063538
  },
  "preprocess.chunk_per_chunk": {
    "count": 2,
    "total_sec": 2.7799978852272034e-06,
    "avg_ms": 0.0013899989426136017,
    "min_ms": 0.0010896474123001099,
    "max_ms": 0.0016903504729270935
  },
  "preprocessing_documents": {
    "count": 2,
    "total_sec": 8.644256740808487e-05,
    "avg_ms": 0.043221283704042435,
    "min_ms": 0.034040771424770355,
    "max_ms": 0.052401795983314514
  },
  "preprocessing_total_run": {
    "count": 1,
    "total_sec": 0.0024241991341114044,
    "avg_ms": 2.4241991341114044,
    "min_ms": 2.4241991341114044,
    "max_ms": 2.4241991341114044
  },
  "baseline.preprocess_total": {
    "count": 1,
    "total_sec": 0.002490732818841934,
    "avg_ms": 2.490732818841934,
    "min_ms": 2.490732818841934,
    "max_ms": 2.490732818841934
  },
  "embedding.tokenize": {
    "count": 1,
    "total_sec": 0.0018605217337608337,
    "avg_ms": 1.8605217337608337,
    "min_ms": 0.0,
    "max_ms": 0.0
  },
  "embedding.forward": {
    "count": 1,
    "total_sec": 0.19701752066612244,
    "avg_ms": 197.01752066612244,
    "min_ms": 0.0,
    "max_ms": 0.0
  },
  "embedding_corpus": {
    "count": 1,
    "total_sec": 0.1993037573993206,
    "avg_ms": 199.3037573993206,
    "min_ms": 199.3037573993206,
    "max_ms": 199.3037573993206
  },
  "baseline.embed_total": {
    "count": 1,
    "total_sec": 0.1996782384812832,
    "avg_ms": 199.6782384812832,
    "min_ms": 199.6782384812832,
    "max_ms": 199.6782384812832
  },
  "context_store_vectorstore": {
    "count": 1,
    "total_sec": 4.71062958240509e-06,
    "avg_ms": 0.00471062958240509,
    "min_ms": 0.00471062958240509,
    "max_ms": 0.00471062958240509
  },
  "baseline.index_total": {
    "count": 1,
    "total_sec": 3.1910836696624756e-05,
    "avg_ms": 0.031910836696624756,
    "min_ms": 0.031910836696624756,
    "max_ms": 0.031910836696624756
  },
  "baseline.eval_total": {
    "count": 1,
    "total_sec": 8.307397365570068e-07,
    "avg_ms": 0.0008307397365570068,
    "min_ms": 0.0008307397365570068,
    "max_ms": 0.0008307397365570068
  },
  "baseline.pipeline_total_run": {
    "count": 1,
    "total_sec": 51.216283068060875,
    "avg_ms": 51216.283068060875,
    "min_ms": 51216.283068060875,
    "max_ms": 51216.283068060875
  }
}