{
  "preprocess.load": {
    "count": 1,
    "total_sec": 0.0001992369070649147,
    "avg_ms": 0.1992369070649147,
    "min_ms": 0.1992369070649147,
    "max_ms": 0.1992369070649147
  },
  "preprocess.clean": {
    "count": 1,
    "total_sec": 1.408066600561142e-05,
    "avg_ms": 0.01408066600561142,
    "min_ms": 0.01408066600561142,
    "max_ms": 0.01408066600561142
  },
  "preprocess.chunk": {
    "count": 1,
    "total_sec": 3.820285201072693e-06,
    "avg_ms": 0.003820285201072693,
    "min_ms": 0.003820285201072693,
    "max_ms": 0.003820285201072693
  },
  "preprocess.chunk_per_chunk": {
    "count": 1,
    "total_sec": 2.0498409867286682e-06,
    "avg_ms": 0.002049840986728668,
    "min_ms": 0.002049840986728668,
    "max_ms": 0.002049840986728668
  },
  "preprocessing_documents": {
    "count": 1,
    "total_sec": 3.521144390106201e-05,
    "avg_ms": 0.03521144390106201,
    "min_ms": 0.03521144390106201,
    "max_ms": 0.03521144390106201
  },
  "preprocessing_total_run": {
    "count": 1,
    "total_sec": 0.002353658899664879,
    "avg_ms": 2.353658899664879,
    "min_ms": 2.353658899664879,
    "max_ms": 2.353658899664879
  },
  "baseline.preprocess_total": {
    "count": 1,
    "total_sec": 0.0023931609466671944,
    "avg_ms": 2.3931609466671944,
    "min_ms": 2.3931609466671944,
    "max_ms": 2.3931609466671944
  },
  "embedding.tokenize": {
    "count": 1,
    "total_sec": 0.0012685731053352356,
    "avg_ms": 1.2685731053352356,
    "min_ms": 0.0,
    "max_ms": 0.0
  },
  "embedding.forward": {
    "count": 1,
    "total_sec": 0.165096671320498,
    "avg_ms": 165.096671320498,
    "min_ms": 0.0,
    "max_ms": 0.0
  },
  "embedding_corpus": {
    "count": 1,
    "total_sec": 0.1914419438689947,
    "avg_ms": 191.4419438689947,
    "min_ms": 191.4419438689947,
    "max_ms": 191.4419438689947
  },
  "baseline.embed_total": {
    "count": 1,
    "total_sec": 0.19185309763997793,
    "avg_ms": 191.85309763997793,
    "min_ms": 191.85309763997793,
    "max_ms": 191.85309763997793
  },
  "context_store_vectorstore": {
    "count": 1,
    "total_sec": 4.639849066734314e-06,
    "avg_ms": 0.004639849066734314,
    "min_ms": 0.004639849066734314,
    "max_ms": 0.004639849066734314
  },
  "baseline.index_total": {
    "count": 1,
    "total_sec": 3.529060631990433e-05,
    "avg_ms": 0.03529060631990433,
    "min_ms": 0.03529060631990433,
    "max_ms": 0.03529060631990433
  },
  "baseline.eval_total": {
    "count": 1,
    "total_sec": 6.901100277900696e-07,
    "avg_ms": 0.0006901100277900696,
    "min_ms": 0.0006901100277900696,
    "max_ms": 0.0006901100277900696
  },
  "baseline.pipeline_total_run": {
    "count": 1,
    "total_sec": 51.177653113380075,
    "avg_ms": 51177.653113380075,
    "min_ms": 51177.653113380075,
    "max_ms": 51177.653113380075
  }
}