level,count,avg_latency_s,throughput_per_s
docs,2,2.4080276489257812e-05,41527.762376237624
chunks,2,1.300126314163208e-06,769156.0343839541
