level,count,avg_latency_s,throughput_per_s
docs,2,2.452544867992401e-05,40773.97372218425
chunks,2,1.5259720385074615e-06,655320.0024412572
