level,count,avg_latency_s,throughput_per_s
docs,2,4.4221989810466766e-05,22613.184171177054
chunks,2,1.5450641512870789e-06,647222.3170584689
