level,count,avg_latency_s,throughput_per_s
docs,2,4.2492058128118515e-05,23533.809470581145
chunks,2,1.3550743460655212e-06,737966.8893470791
