level,count,avg_latency_s,throughput_per_s
docs,2,4.024198278784752e-05,24849.670188268785
chunks,2,1.375097781419754e-06,727221.0118523536
