level,count,avg_latency_s,throughput_per_s
docs,1,7.473304867744446e-05,13380.960869348488
chunks,1,1.8207356333732605e-06,549228.5544757033
