level,count,avg_latency_s,throughput_per_s
docs,2,6.256252527236938e-05,15984.0095272121
chunks,3,1.1374553044637044e-06,879155.4235807861
