level,count,avg_latency_s,throughput_per_s
docs,1,3.483239561319351e-05,28708.906820673245
chunks,1,2.169981598854065e-06,460833.4008583691
