{
  "embedding.tokenize": {
    "count": 5,
    "total_sec": 0.003622235730290413,
    "avg_ms": 0.7244471460580826,
    "min_ms": 0.0,
    "max_ms": 0.0
  },
  "embedding.forward": {
    "count": 5,
    "total_sec": 0.2677825950086117,
    "avg_ms": 53.556519001722336,
    "min_ms": 0.0,
    "max_ms": 0.0
  },
  "embedding_query": {
    "count": 5,
    "total_sec": 0.2725873403251171,
    "avg_ms": 54.51746806502342,
    "min_ms": 8.14886949956417,
    "max_ms": 130.2666012197733
  },
  "context_load_vectorstore": {
    "count": 2,
    "total_sec": 5.5851414799690247e-05,
    "avg_ms": 0.027925707399845123,
    "min_ms": 0.027550384402275085,
    "max_ms": 0.02830103039741516
  },
  "context_load_memory.stm": {
    "count": 2,
    "total_sec": 7.028691470623016e-06,
    "avg_ms": 0.003514345735311508,
    "min_ms": 0.0,
    "max_ms": 0.0
  },
  "context_load_memory.ltm": {
    "count": 2,
    "total_sec": 3.890134394168854e-06,
    "avg_ms": 0.0019450671970844269,
    "min_ms": 0.0,
    "max_ms": 0.0
  },
  "context_load_memory.em": {
    "count": 2,
    "total_sec": 1.6689300537109375e-06,
    "avg_ms": 0.0008344650268554688,
    "min_ms": 0.0,
    "max_ms": 0.0
  },
  "context_load_memory": {
    "count": 2,
    "total_sec": 3.234203904867172e-05,
    "avg_ms": 0.01617101952433586,
    "min_ms": 0.015381723642349243,
    "max_ms": 0.01696031540632248
  },
  "context_build_total": {
    "count": 2,
    "total_sec": 0.0646057752892375,
    "avg_ms": 32.30288764461875,
    "min_ms": 8.318676613271236,
    "max_ms": 56.28709867596626
  },
  "llm.generate": {
    "count": 2,
    "total_sec": 11.833949757739902,
    "avg_ms": 5916.974878869951,
    "min_ms": 5914.641910232604,
    "max_ms": 5919.307847507298
  },
  "context_store_memory": {
    "count": 4,
    "total_sec": 0.0002086162567138672,
    "avg_ms": 0.0521540641784668,
    "min_ms": 0.010749325156211853,
    "max_ms": 0.09505264461040497
  }
}