{
  "embedding.tokenize": {
    "count": 3,
    "total_sec": 0.0028667086735367775,
    "avg_ms": 0.9555695578455925,
    "min_ms": 0.0,
    "max_ms": 0.0
  },
  "embedding.forward": {
    "count": 3,
    "total_sec": 0.16504246182739735,
    "avg_ms": 55.01415394246578,
    "min_ms": 0.0,
    "max_ms": 0.0
  },
  "embedding_query": {
    "count": 3,
    "total_sec": 0.16882374323904514,
    "avg_ms": 56.27458107968172,
    "min_ms": 20.3005513176322,
    "max_ms": 106.44322354346514
  },
  "context_load_vectorstore": {
    "count": 1,
    "total_sec": 2.856086939573288e-05,
    "avg_ms": 0.02856086939573288,
    "min_ms": 0.02856086939573288,
    "max_ms": 0.02856086939573288
  },
  "context_load_memory.stm": {
    "count": 1,
    "total_sec": 1.6298145055770874e-06,
    "avg_ms": 0.0016298145055770874,
    "min_ms": 0.0,
    "max_ms": 0.0
  },
  "context_load_memory.ltm": {
    "count": 1,
    "total_sec": 1.3997778296470642e-06,
    "avg_ms": 0.0013997778296470642,
    "min_ms": 0.0,
    "max_ms": 0.0
  },
  "context_load_memory.em": {
    "count": 1,
    "total_sec": 1.4901161193847656e-06,
    "avg_ms": 0.0014901161193847656,
    "min_ms": 0.0,
    "max_ms": 0.0
  },
  "context_load_memory": {
    "count": 1,
    "total_sec": 1.677032560110092e-05,
    "avg_ms": 0.01677032560110092,
    "min_ms": 0.01677032560110092,
    "max_ms": 0.01677032560110092
  },
  "context_build_total": {
    "count": 1,
    "total_sec": 0.020514088682830334,
    "avg_ms": 20.514088682830334,
    "min_ms": 20.514088682830334,
    "max_ms": 20.514088682830334
  },
  "llm.generate": {
    "count": 1,
    "total_sec": 7.142806597054005,
    "avg_ms": 7142.806597054005,
    "min_ms": 7142.806597054005,
    "max_ms": 7142.806597054005
  },
  "context_store_memory": {
    "count": 2,
    "total_sec": 0.0001639965921640396,
    "avg_ms": 0.0819982960820198,
    "min_ms": 0.02817157655954361,
    "max_ms": 0.135825015604496
  }
}