{
  "embedding.tokenize": {
    "count": 5,
    "total_sec": 0.0030740173533558846,
    "avg_ms": 0.6148034706711769,
    "min_ms": 0.0,
    "max_ms": 0.0
  },
  "embedding.forward": {
    "count": 5,
    "total_sec": 0.219391786493361,
    "avg_ms": 43.8783572986722,
    "min_ms": 0.0,
    "max_ms": 0.0
  },
  "embedding_query": {
    "count": 5,
    "total_sec": 0.2235908005386591,
    "avg_ms": 44.71816010773182,
    "min_ms": 9.079225361347198,
    "max_ms": 130.29635325074196
  },
  "context_load_vectorstore": {
    "count": 2,
    "total_sec": 5.7841651141643524e-05,
    "avg_ms": 0.028920825570821762,
    "min_ms": 0.024070963263511658,
    "max_ms": 0.033770687878131866
  },
  "context_load_memory.stm": {
    "count": 2,
    "total_sec": 7.3499977588653564e-06,
    "avg_ms": 0.0036749988794326782,
    "min_ms": 0.0,
    "max_ms": 0.0
  },
  "context_load_memory.ltm": {
    "count": 2,
    "total_sec": 0.0001313844695687294,
    "avg_ms": 0.0656922347843647,
    "min_ms": 0.0,
    "max_ms": 0.0
  },
  "context_load_memory.em": {
    "count": 2,
    "total_sec": 6.149522960186005e-06,
    "avg_ms": 0.0030747614800930023,
    "min_ms": 0.0,
    "max_ms": 0.0
  },
  "context_load_memory": {
    "count": 2,
    "total_sec": 0.00016548577696084976,
    "avg_ms": 0.08274288848042488,
    "min_ms": 0.016509555280208588,
    "max_ms": 0.14897622168064117
  },
  "context_build_total": {
    "count": 2,
    "total_sec": 0.018931481055915356,
    "avg_ms": 9.465740527957678,
    "min_ms": 9.404678829014301,
    "max_ms": 9.526802226901054
  },
  "llm.generate": {
    "count": 2,
    "total_sec": 11.742601577192545,
    "avg_ms": 5871.3007885962725,
    "min_ms": 5860.002093948424,
    "max_ms": 5882.599483244121
  },
  "context_store_memory": {
    "count": 4,
    "total_sec": 0.00023179873824119568,
    "avg_ms": 0.05794968456029892,
    "min_ms": 0.011570751667022705,
    "max_ms": 0.10712351649999619
  }
}