{
  "embedding.tokenize": {
    "count": 6,
    "total_sec": 0.004627883434295654,
    "avg_ms": 0.7713139057159424,
    "min_ms": 0.0,
    "max_ms": 0.0
  },
  "embedding.forward": {
    "count": 6,
    "total_sec": 0.3987169312313199,
    "avg_ms": 66.45282187188666,
    "min_ms": 0.0,
    "max_ms": 0.0
  },
  "embedding_query": {
    "count": 5,
    "total_sec": 0.27561930660158396,
    "avg_ms": 55.12386132031679,
    "min_ms": 9.418307803571224,
    "max_ms": 130.21565042436123
  },
  "preprocess.load": {
    "count": 2,
    "total_sec": 0.00040761660784482956,
    "avg_ms": 0.20380830392241478,
    "min_ms": 0.14553498476743698,
    "max_ms": 0.2620816230773926
  },
  "preprocess.clean": {
    "count": 2,
    "total_sec": 5.265232175588608e-05,
    "avg_ms": 0.02632616087794304,
    "min_ms": 0.006340444087982178,
    "max_ms": 0.0463118776679039
  },
  "preprocess.chunk": {
    "count": 2,
    "total_sec": 3.6908313632011414e-06,
    "avg_ms": 0.0018454156816005707,
    "min_ms": 0.0013103708624839783,
    "max_ms": 0.002380460500717163
  },
  "preprocess.chunk_per_chunk": {
    "count": 2,
    "total_sec": 3.320164978504181e-06,
    "avg_ms": 0.0016600824892520905,
    "min_ms": 0.0010598450899124146,
    "max_ms": 0.0022603198885917664
  },
  "preprocessing_documents": {
    "count": 2,
    "total_sec": 7.932353764772415e-05,
    "avg_ms": 0.039661768823862076,
    "min_ms": 0.02424139529466629,
    "max_ms": 0.05508214235305786
  },
  "preprocessing_total_run": {
    "count": 1,
    "total_sec": 0.024573453702032566,
    "avg_ms": 24.573453702032566,
    "min_ms": 24.573453702032566,
    "max_ms": 24.573453702032566
  },
  "embedding_corpus": {
    "count": 1,
    "total_sec": 0.12936034705489874,
    "avg_ms": 129.36034705489874,
    "min_ms": 129.36034705489874,
    "max_ms": 129.36034705489874
  },
  "context_store_vectorstore": {
    "count": 1,
    "total_sec": 2.0129606127738953e-05,
    "avg_ms": 0.020129606127738953,
    "min_ms": 0.020129606127738953,
    "max_ms": 0.020129606127738953
  },
  "context_load_vectorstore": {
    "count": 2,
    "total_sec": 0.0001997668296098709,
    "avg_ms": 0.09988341480493546,
    "min_ms": 0.08505303412675858,
    "max_ms": 0.11471379548311234
  },
  "context_load_memory.stm": {
    "count": 2,
    "total_sec": 8.628703653812408e-06,
    "avg_ms": 0.004314351826906204,
    "min_ms": 0.0,
    "max_ms": 0.0
  },
  "context_load_memory.ltm": {
    "count": 2,
    "total_sec": 9.876582771539688e-05,
    "avg_ms": 0.04938291385769844,
    "min_ms": 0.0,
    "max_ms": 0.0
  },
  "context_load_memory.em": {
    "count": 2,
    "total_sec": 5.360692739486694e-06,
    "avg_ms": 0.002680346369743347,
    "min_ms": 0.0,
    "max_ms": 0.0
  },
  "context_load_memory": {
    "count": 2,
    "total_sec": 0.00014144554734230042,
    "avg_ms": 0.07072277367115021,
    "min_ms": 0.014291144907474518,
    "max_ms": 0.1271544024348259
  },
  "context_build_total": {
    "count": 2,
    "total_sec": 0.06844215001910925,
    "avg_ms": 34.221075009554625,
    "min_ms": 9.695467539131641,
    "max_ms": 58.74668247997761
  },
  "llm.generate": {
    "count": 2,
    "total_sec": 13.550178117118776,
    "avg_ms": 6775.089058559388,
    "min_ms": 6473.611885681748,
    "max_ms": 7076.566231437027
  },
  "context_store_memory": {
    "count": 4,
    "total_sec": 0.00023623835295438766,
    "avg_ms": 0.059059588238596916,
    "min_ms": 0.012240372598171234,
    "max_ms": 0.12719538062810898
  }
}