{
  "embedding.tokenize": {
    "count": 5,
    "total_sec": 0.004225109703838825,
    "avg_ms": 0.845021940767765,
    "min_ms": 0.0,
    "max_ms": 0.0
  },
  "embedding.forward": {
    "count": 5,
    "total_sec": 0.3303550351411104,
    "avg_ms": 66.07100702822208,
    "min_ms": 0.0,
    "max_ms": 0.0
  },
  "embedding_query": {
    "count": 5,
    "total_sec": 0.33594753686338663,
    "avg_ms": 67.18950737267733,
    "min_ms": 35.66283546388149,
    "max_ms": 130.22806867957115
  },
  "context_load_vectorstore": {
    "count": 2,
    "total_sec": 6.323214620351791e-05,
    "avg_ms": 0.03161607310175896,
    "min_ms": 0.030240975320339203,
    "max_ms": 0.03299117088317871
  },
  "context_load_memory.stm": {
    "count": 2,
    "total_sec": 8.310191333293915e-06,
    "avg_ms": 0.004155095666646957,
    "min_ms": 0.0,
    "max_ms": 0.0
  },
  "context_load_memory.ltm": {
    "count": 2,
    "total_sec": 5.689449608325958e-06,
    "avg_ms": 0.002844724804162979,
    "min_ms": 0.0,
    "max_ms": 0.0
  },
  "context_load_memory.em": {
    "count": 2,
    "total_sec": 4.398636519908905e-06,
    "avg_ms": 0.0021993182599544525,
    "min_ms": 0.0,
    "max_ms": 0.0
  },
  "context_load_memory": {
    "count": 2,
    "total_sec": 4.753284156322479e-05,
    "avg_ms": 0.023766420781612396,
    "min_ms": 0.017891637980937958,
    "max_ms": 0.029641203582286835
  },
  "context_build_total": {
    "count": 2,
    "total_sec": 0.13458766508847475,
    "avg_ms": 67.29383254423738,
    "min_ms": 64.28682338446379,
    "max_ms": 70.30084170401096
  },
  "llm.generate": {
    "count": 2,
    "total_sec": 13.491155112162232,
    "avg_ms": 6745.577556081116,
    "min_ms": 6418.757839128375,
    "max_ms": 7072.397273033857
  },
  "context_store_memory": {
    "count": 4,
    "total_sec": 0.00025122053921222687,
    "avg_ms": 0.06280513480305672,
    "min_ms": 0.012390315532684326,
    "max_ms": 0.1228945329785347
  }
}