{
  "total_generated_tokens": 256,
  "total_generation_time_s": 11.742698448710144,
  "num_generations": 2,
  "avg_latency_per_generation_s": 5.871349224355072,
  "tokens_per_second": 21.800781235944953
}