{
  "total_generated_tokens": 256,
  "total_generation_time_s": 13.5132801765576,
  "num_generations": 2,
  "avg_latency_per_generation_s": 6.7566400882788,
  "tokens_per_second": 18.944327110459863
}