{
  "total_generated_tokens": 256,
  "total_generation_time_s": 11.83404141291976,
  "num_generations": 2,
  "avg_latency_per_generation_s": 5.91702070645988,
  "tokens_per_second": 21.63250837710549
}