{
  "total_generated_tokens": 256,
  "total_generation_time_s": 13.490629322826862,
  "num_generations": 2,
  "avg_latency_per_generation_s": 6.745314661413431,
  "tokens_per_second": 18.976134757986003
}