{
  "total_generated_tokens": 256,
  "total_generation_time_s": 11.690379948355258,
  "num_generations": 2,
  "avg_latency_per_generation_s": 5.845189974177629,
  "tokens_per_second": 21.898347284770427
}