{
  "total_generated_tokens": 128,
  "total_generation_time_s": 7.142867890186608,
  "num_generations": 1,
  "avg_latency_per_generation_s": 7.142867890186608,
  "tokens_per_second": 17.91997303714041
}